player,position,team,age,birth_year,minutes_90s,tackles,tackles_won,tackles_def_3rd,tackles_mid_3rd,tackles_att_3rd,dribble_tackles,dribbles_vs,dribble_tackles_pct,dribbled_past,blocks,blocked_shots,blocked_passes,interceptions,tackles_interceptions,clearances,errors
Aaron Mooy,MF,Australia,32-094,1990,4,9,6,4,4,1,6,8,75,2,6,4,2,3,12,9,0
Aaron Ramsey,MF,Wales,31-357,1990,3,2,0,0,2,0,0,2,0,2,4,1,3,0,2,2,1
Abdelkarim Hassan,DF,Qatar,29-112,1993,3,7,3,5,2,0,3,4,75,1,3,1,2,1,8,5,0
Abdou Diallo,DF,Senegal,26-228,1996,3.7,2,2,2,0,0,2,2,100,0,1,1,0,1,3,10,0
Abdulaziz Hatem,MF,Qatar,32-051,1990,2.2,1,1,0,0,1,1,2,50,1,0,0,0,1,2,0,0
Abdulelah Al-Amri,DF,Saudi Arabia,25-337,1997,2,1,0,1,0,0,0,1,0,1,2,1,1,4,5,10,0
Abdulellah Al-Malki,MF,Saudi Arabia,28-068,1994,1.9,3,1,3,0,0,1,3,33.3,2,3,0,3,2,5,4,1
Achraf Hakimi,DF,Morocco,24-044,1998,7,26,17,15,10,1,17,28,60.7,11,7,1,6,9,35,12,0
Adrien Rabiot,MF,France,27-259,1995,5.4,12,9,4,6,2,4,7,57.1,3,11,2,9,10,22,6,0
Ahmad Nourollahi,MF,IR Iran,29-319,1993,2.5,4,3,1,1,2,1,2,50,1,3,0,3,6,10,8,0
Akram Afif,FW,Qatar,26-030,1996,3,0,0,0,0,0,0,1,0,1,0,0,0,0,0,0,0
Aleksandar MitroviÄ‡,FW,Serbia,28-093,1994,2.9,1,0,0,0,1,1,1,100,0,1,0,1,0,1,1,0
Alexis Mac Allister,MF,Argentina,23-359,1998,6.1,9,4,3,5,1,4,7,57.1,3,13,1,12,3,12,6,0
Alexis Vega,FW,Mexico,25-023,1997,2.1,0,0,0,0,0,0,0,,0,1,0,1,1,1,2,0
Ali Abdi,DF,Tunisia,28-363,1993,2.1,8,5,5,2,1,3,3,100,0,1,0,1,4,12,13,1
Ali Al-Bulaihi,DF,Saudi Arabia,33-027,1989,2.4,4,2,2,2,0,2,4,50,2,1,1,0,3,7,1,0
Ali Gholizadeh,MF,IR Iran,26-283,1996,2.2,0,0,0,0,0,0,2,0,2,5,0,5,3,3,2,0
Alidu Seidu,DF,Ghana,22-197,2000,1.7,6,4,5,1,0,2,2,100,0,5,0,5,0,6,3,0
Alistair Johnston,DF,Canada,24-071,1998,3,5,3,5,0,0,2,7,28.6,5,6,1,5,2,7,4,0
Almoez Ali,FW,Qatar,26-121,1996,2.5,1,0,0,0,1,0,2,0,2,0,0,0,1,2,1,0
Alphonso Davies,MF,Canada,22-046,2000,3,2,1,0,1,1,0,1,0,1,5,0,5,3,5,1,0
Andre-Frank Zambo Anguissa,MF,Cameroon,27-032,1995,2.9,4,0,3,0,1,1,3,33.3,2,2,0,2,5,9,2,0
Andreas Christensen,DF,Denmark,26-252,1996,3,4,2,1,3,0,2,2,100,0,7,5,2,4,8,9,0
Andrej KramariÄ‡,FW,Croatia,31-182,1991,5.3,3,2,0,1,2,0,1,0,1,6,0,6,0,3,0,0
Andrija Å½ivkoviÄ‡,DF,Serbia,26-160,1996,2.3,5,3,2,2,1,2,3,66.7,1,5,0,5,3,8,3,0
AndrÃ© Ayew,MF,Ghana,33-001,1989,2.2,4,1,0,4,0,1,2,50,1,1,0,1,0,4,3,0
Anis Ben Slimane,MF,Tunisia,21-277,2001,1.6,3,1,2,1,0,0,0,,0,2,0,2,1,4,1,0
Antoine Griezmann,MF,France,31-272,1991,6,14,8,9,5,0,3,5,60,2,8,3,5,8,22,7,0
Antonee Robinson,DF,United States,25-132,1997,4,5,4,5,0,0,3,7,42.9,4,3,0,3,7,12,8,0
Antonio RÃ¼diger,DF,Germany,29-290,1993,3,2,1,1,1,0,0,0,,0,3,2,1,0,2,5,1
Assim Madibo,MF,Qatar,26-057,1996,1.7,6,3,3,3,0,1,5,20,4,6,1,5,2,8,0,0
Atiba Hutchinson,MF,Canada,39-313,1983,1.8,4,1,4,0,0,2,2,100,0,3,0,3,1,5,3,0
AurÃ©lien TchouamÃ©ni,MF,France,22-325,2000,6.9,11,4,4,6,1,3,7,42.9,4,3,1,2,14,25,6,0
Axel Witsel,MF,Belgium,33-340,1989,3,4,2,1,3,0,1,1,100,0,5,1,4,4,8,6,0
Aymeric Laporte,DF,Spain,28-205,1994,3.3,2,0,2,0,0,1,1,100,0,0,0,0,3,5,7,0
Aziz Behich,DF,Australia,32-002,1990,4,8,3,5,3,0,5,6,83.3,1,6,2,4,3,11,12,0
Azzedine Ounahi,MF,Morocco,22-243,2000,6.3,9,8,4,5,0,7,9,77.8,2,5,1,4,7,16,2,0
AÃ¯ssa LaÃ¯douni,MF,Tunisia,26-005,1996,2.7,3,3,3,0,0,1,2,50,1,7,1,6,4,7,6,0
Baba Rahman,DF,Ghana,28-169,1994,2,5,3,1,2,2,3,3,100,0,1,0,1,1,6,3,1
Bartosz BereszyÅ„ski,DF,Poland,30-159,1992,3.8,6,2,6,0,0,3,6,50,3,4,1,3,2,8,17,0
Ben Davies,DF,Wales,29-238,1993,2.6,4,2,0,2,2,2,2,100,0,4,2,2,1,5,8,1
Bernardo Silva,MF,Portugal,28-130,1994,4,2,2,0,2,0,1,1,100,0,3,0,3,2,4,0,0
Borna Sosa,DF,Croatia,24-331,1998,4.7,14,6,9,3,2,10,12,83.3,2,4,0,4,2,16,18,0
Boualem Khoukhi,DF,Qatar,32-162,1990,3,2,2,2,0,0,1,2,50,1,6,2,4,3,5,18,1
Boulaye Dia,FW,Senegal,26-032,1996,3.5,1,0,0,1,0,0,0,,0,1,0,1,1,2,3,0
Breel Embolo,FW,Switzerland,25-307,1997,3.6,1,0,0,0,1,1,2,50,1,2,0,2,0,1,1,0
Bruno Fernandes,FW,Portugal,28-101,1994,4,4,3,3,1,0,0,3,0,3,7,1,6,2,6,4,0
Bryan Mbeumo,FW,Cameroon,23-133,1999,2.6,0,0,0,0,0,0,0,,0,1,0,1,1,1,2,0
Bryan Oviedo,DF,Costa Rica,32-303,1990,2.9,6,5,3,2,1,4,6,66.7,2,3,1,2,3,9,7,0
Bukayo Saka,FW,England,21-104,2001,3.2,7,4,2,2,3,1,2,50,1,5,1,4,2,9,2,0
Casemiro,MF,Brazil,30-298,1992,4.3,11,4,3,5,3,4,6,66.7,2,13,2,11,7,18,5,0
Celso Borges,MF,Costa Rica,34-205,1988,2.8,5,1,2,3,0,2,5,40,3,8,3,5,4,9,7,0
Cho Guesung,FW,Korea Republic,24-327,1998,3.1,0,0,0,0,0,0,2,0,2,3,0,3,0,0,3,0
Chris Mepham,DF,Wales,25-043,1997,3,8,6,3,5,0,5,6,83.3,1,3,2,1,1,9,16,0
Christian Eriksen,MF,Denmark,30-307,1992,3,1,0,0,1,0,0,0,,0,5,2,3,0,1,1,0
Christian Pulisic,FW,United States,24-091,1998,3.5,2,0,0,0,2,0,1,0,1,2,0,2,0,2,1,0
Cody Gakpo,FW,Netherlands,23-225,1999,5,8,2,3,2,3,3,4,75,1,10,1,9,3,11,6,0
Collins Fai,DF,Cameroon,30-127,1992,3,5,2,2,2,1,3,6,50,3,2,0,2,4,9,7,0
Connor Roberts,DF,Wales,27-086,1995,2.2,3,3,2,1,0,2,3,66.7,1,2,2,0,1,4,7,0
Craig Goodwin,MF,Australia,31-002,1991,2.6,4,3,1,2,1,2,5,40,3,3,0,3,0,4,3,0
Cristian Romero,DF,Argentina,24-235,1998,6.1,5,3,4,1,0,4,8,50,4,6,4,2,4,9,26,0
Cristiano Ronaldo,FW,Portugal,37-316,1985,3.2,0,0,0,0,0,0,0,,0,0,0,0,0,0,1,1
Cyle Larin,FW,Canada,27-245,1995,1.5,0,0,0,0,0,0,1,0,1,0,0,0,0,0,2,0
CÃ©sar Montes,DF,Mexico,25-297,1997,3,6,3,2,4,0,3,3,100,0,0,0,0,2,8,11,0
Daichi Kamada,FW,Japan,26-135,1996,3.6,7,3,2,4,1,3,6,50,3,3,0,3,0,7,3,0
Daizen Maeda,FW,Japan,25-059,1997,2,3,2,1,2,0,0,1,0,1,4,0,4,3,6,0,0
Daley Blind,DF,Netherlands,32-284,1990,4.7,14,9,6,5,3,6,9,66.7,3,6,1,5,5,19,4,0
Dani Olmo,FW,Spain,24-225,1998,4.1,5,3,0,3,2,1,2,50,1,5,0,5,1,6,4,0
Daniel Amartey,DF,Ghana,27-362,1994,2.8,6,4,5,1,0,2,2,100,0,4,3,1,3,9,12,0
Daniel James,FW,Wales,25-038,1997,1.7,1,1,0,0,1,0,1,0,1,2,0,2,0,1,1,0
Danilo,DF,Brazil,31-156,1991,3.1,5,2,2,2,1,2,3,66.7,1,2,1,1,3,8,5,1
Darwin NÃºÃ±ez,FW,Uruguay,23-177,1999,2.7,3,2,1,2,0,1,2,50,1,2,0,2,0,3,2,0
David Raum,DF,Germany,24-240,1998,2.7,6,3,4,1,1,3,6,50,3,10,1,9,7,13,2,0
Dayot Upamecano,DF,France,24-052,1998,5.3,11,7,10,1,0,6,6,100,0,5,4,1,6,17,13,0
Declan Rice,MF,England,23-338,1999,4.6,6,5,0,5,1,0,1,0,1,4,3,1,11,17,5,0
Dejan Lovren,DF,Croatia,33-166,1989,6.7,7,2,5,1,1,3,5,60,2,7,5,2,6,13,29,0
Denzel Dumfries,DF,Netherlands,26-244,1996,5.3,8,5,7,1,0,5,6,83.3,1,5,1,4,7,15,6,0
Diego GodÃ­n,DF,Uruguay,36-305,1986,1.7,0,0,0,0,0,0,0,,0,0,0,0,1,1,9,0
Diogo Dalot,DF,Portugal,23-275,1999,2.9,8,6,7,1,0,8,8,100,0,7,2,5,2,10,1,0
Djibril Sow,MF,Switzerland,25-315,1997,2.9,2,1,0,2,0,0,1,0,1,0,0,0,2,4,0,0
DuÅ¡an TadiÄ‡,MF,Serbia,34-028,1988,2.9,4,2,0,4,0,2,3,66.7,1,4,1,3,1,5,0,0
Dylan Bronn,DF,Tunisia,27-182,1995,1.8,4,2,1,2,1,3,3,100,0,2,1,1,0,4,0,0
Edson Ãlvarez,MF,Mexico,25-055,1997,1.9,3,2,2,1,0,1,3,33.3,2,1,0,1,4,7,2,0
Ehsan Hajsafi,MF,IR Iran,32-296,1990,2.6,6,3,2,3,1,3,5,60,2,3,0,3,2,8,2,0
Ellyes Skhiri,MF,Tunisia,27-222,1995,3,10,3,4,6,0,5,7,71.4,2,2,0,2,7,17,3,0
Enner Valencia,FW,Ecuador,33-044,1989,2.8,2,0,0,2,0,0,1,0,1,3,0,3,1,3,2,0
Enzo FernÃ¡ndez,MF,Argentina,21-335,2001,6.3,22,15,15,5,2,14,24,58.3,10,7,1,6,3,25,7,0
Eric Maxim Choupo-Moting,FW,Cameroon,33-270,1989,2.8,4,2,1,3,0,1,2,50,1,0,0,0,1,5,1,0
Ethan Ampadu,MF,Wales,22-095,2000,2.8,4,3,1,3,0,0,1,0,1,9,4,5,4,8,10,0
Facundo Pellistri,MF,Uruguay,20-363,2001,2,2,1,0,1,1,1,2,50,1,1,0,1,0,2,2,0
Federico Valverde,MF,Uruguay,24-149,1998,3,7,4,3,4,0,5,6,83.3,1,6,0,6,5,12,1,0
FerrÃ¡n Torres,FW,Spain,22-292,2000,2.4,0,0,0,0,0,0,2,0,2,1,0,1,0,0,0,0
Filip KostiÄ‡,DF,Serbia,30-047,1992,2,6,3,2,1,3,2,2,100,0,3,0,3,0,6,1,0
Firas Al-Buraikan,MF,Saudi Arabia,22-218,2000,3,3,3,2,0,1,2,2,100,0,5,2,3,2,5,4,0
Francisco Calvo,DF,Costa Rica,30-163,1992,2,7,4,6,1,0,4,7,57.1,3,3,1,2,2,9,2,0
Frenkie de Jong,MF,Netherlands,25-220,1997,5.3,12,5,4,5,3,1,3,33.3,2,6,3,3,6,18,3,0
FÃ©lix Torres Caicedo,DF,Ecuador,25-341,1997,3,2,2,2,0,0,2,3,66.7,1,3,2,1,4,6,10,0
Gareth Bale,FW,Wales,33-155,1989,2.5,1,1,1,0,0,0,2,0,2,1,0,1,1,2,1,0
Gavi,MF,Spain,18-135,2004,3.2,8,4,1,7,0,2,5,40,3,3,0,3,1,9,2,0
Gonzalo Plata,MF,Ecuador,22-047,2000,3,3,2,2,1,0,2,8,25,6,3,0,3,2,5,0,0
Granit Xhaka,MF,Switzerland,30-082,1992,4,6,4,1,5,0,4,6,66.7,2,3,2,1,2,8,7,0
Grzegorz Krychowiak,MF,Poland,32-323,1990,3.7,9,4,2,5,2,1,7,14.3,6,5,3,2,5,14,4,0
Guillermo Varela,DF,Uruguay,29-269,1993,2,3,2,2,1,0,3,4,75,1,1,0,1,3,6,1,0
Hakim Ziyech,FW,Morocco,29-274,1993,7.1,10,7,4,5,1,4,11,36.4,7,10,0,10,10,20,4,1
Harry Kane,FW,England,29-143,1993,4.5,2,1,1,1,0,1,1,100,0,2,1,1,0,2,5,0
Harry Maguire,DF,England,29-288,1993,4.8,7,3,4,3,0,1,2,50,1,4,3,1,4,11,18,0
Harry Souttar,DF,Australia,24-057,1998,4,4,0,3,1,0,2,3,66.7,1,7,4,3,6,10,22,0
Harry Wilson,MF,Wales,25-271,1997,1.8,4,2,1,3,0,1,1,100,0,1,0,1,1,5,3,0
Hassan Al Tambakti,DF,Saudi Arabia,23-312,1999,2,4,2,3,1,0,3,5,60,2,3,2,1,3,7,6,0
Hassan Al-Haydos,MF,Qatar,32-007,1990,2.3,4,1,2,2,0,2,8,25,6,0,0,0,2,6,1,0
Henry MartÃ­n,FW,Mexico,30-030,1992,1.6,1,1,1,0,0,1,2,50,1,2,0,2,2,3,1,0
Hidemasa Morita,MF,Japan,27-222,1995,3.2,0,0,0,0,0,0,0,,0,9,2,7,3,3,4,0
Hirving Lozano,FW,Mexico,27-141,1995,2.8,7,2,1,5,1,3,4,75,1,4,0,4,0,7,1,0
Homam Ahmed,DF,Qatar,23-115,1999,2.9,2,2,2,0,0,1,3,33.3,2,0,0,0,2,4,1,0
Hwang In-beom,MF,Korea Republic,26-089,1996,3.7,4,3,0,3,1,3,6,50,3,1,0,1,3,7,2,0
HÃ©ctor Herrera,MF,Mexico,32-243,1990,1.8,4,3,2,2,0,2,4,50,2,1,0,1,3,7,0,0
HÃ©ctor Moreno,DF,Mexico,34-335,1988,3,2,1,2,0,0,1,1,100,0,2,1,1,1,3,4,0
Ibrahima KonatÃ©,DF,France,23-207,1999,3.3,15,6,11,4,0,5,5,100,0,5,2,3,7,22,16,0
Idrissa Gana Gueye,MF,Senegal,33-083,1989,3,2,1,1,1,0,0,1,0,1,3,0,3,5,7,3,0
Ismail Jakobs,DF,Senegal,23-123,1999,3.1,0,0,0,0,0,0,1,0,1,3,0,3,4,4,14,0
Ismail Mohamad,FW,Qatar,32-257,1990,1.9,,2,,,,,,,,,,,2,,,
Ismaila Sarr,FW,Senegal,24-296,1998,3.8,4,2,1,2,1,2,3,66.7,1,2,0,2,2,6,1,0
Issam Jebali,FW,Tunisia,30-358,1991,2,3,3,1,1,1,0,1,0,1,1,0,1,0,3,3,0
Ivan PeriÅ¡iÄ‡,FW,Croatia,33-319,1989,7.4,7,4,3,4,0,5,7,71.4,2,9,1,8,7,14,12,0
IÃ±aki Williams,FW,Ghana,28-186,1994,3,4,2,0,1,3,1,2,50,1,3,0,3,0,4,2,0
Jackson Irvine,MF,Australia,29-286,1993,3.9,4,2,1,3,0,2,4,50,2,7,0,7,3,7,8,0
Jakub KamiÅ„ski,MF,Poland,20-196,2002,2.6,6,1,3,3,0,3,4,75,1,4,1,3,0,6,2,0
Jakub Kiwior,DF,Poland,22-306,2000,3.9,2,1,2,0,0,1,1,100,0,4,2,2,4,6,15,2
Jamal Musiala,MF,Germany,19-295,2003,2.9,1,1,0,0,1,1,2,50,1,3,1,2,1,2,0,0
Jan Vertonghen,DF,Belgium,35-238,1987,3,0,0,0,0,0,0,1,0,1,2,2,0,5,5,12,0
Jawad El Yamiq,DF,Morocco,30-292,1992,3.4,4,2,4,0,0,3,3,100,0,6,6,0,5,9,17,0
Jean-Charles Castelletto,DF,Cameroon,27-326,1995,2,3,3,2,1,0,0,1,0,1,2,1,1,6,9,12,0
Jesper LindstrÃ¸m,MF,Denmark,22-292,2000,2.2,1,1,0,1,0,1,3,33.3,2,4,0,4,1,2,1,0
JesÃºs Gallardo,DF,Mexico,28-125,1994,3,9,5,5,4,0,3,8,37.5,5,5,1,4,1,10,10,0
Jhegson MÃ©ndez,MF,Ecuador,25-236,1997,2,2,2,1,1,0,1,1,100,0,4,0,4,1,3,1,0
Joachim Andersen,DF,Denmark,26-201,1996,3,4,2,2,1,1,0,2,0,2,2,1,1,0,4,12,0
Joakim MÃ¦hle,DF,Denmark,25-212,1997,2.8,9,5,4,3,2,5,7,71.4,2,7,3,4,2,11,6,0
Joe Rodon,DF,Wales,25-057,1997,3,2,2,1,1,0,1,2,50,1,2,2,0,4,6,13,0
Joel Campbell,FW,Costa Rica,30-175,1992,3,9,5,2,5,2,1,2,50,1,3,0,3,0,9,4,0
John Stones,DF,England,28-204,1994,4.8,2,2,2,0,0,2,2,100,0,3,3,0,1,3,8,0
Jonathan David,FW,Canada,22-338,2000,2.1,1,1,0,1,0,0,0,,0,0,0,0,0,1,0,0
Jordan Ayew,FW,Ghana,31-098,1991,1.5,3,3,1,2,0,0,1,0,1,0,0,0,1,4,1,0
Jordan Henderson,MF,England,32-184,1990,3,4,2,2,2,0,2,2,100,0,3,1,2,1,5,0,0
Jordi Alba,DF,Spain,33-272,1989,2.9,6,4,2,4,0,2,5,40,3,2,0,2,3,9,2,0
Jorge Eduardo SÃ¡nchez,DF,Mexico,25-008,1997,1.9,1,0,1,0,0,1,1,100,0,2,0,2,3,4,8,0
Joshua Kimmich,MF,Germany,27-313,1995,3,5,2,3,2,0,3,6,50,3,6,1,5,3,8,1,0
Josip JuranoviÄ‡,DF,Croatia,27-124,1995,6.7,12,8,9,3,0,8,8,100,0,5,3,2,3,15,15,0
JosÃ© MarÃ­a GimÃ©nez,DF,Uruguay,27-332,1995,3,4,1,3,1,0,2,7,28.6,5,6,5,1,7,11,11,0
JoÃ£o Cancelo,DF,Portugal,28-205,1994,3.4,7,3,1,2,4,4,5,80,1,1,1,0,2,9,8,0
JoÃ£o FÃ©lix,FW,Portugal,23-038,1999,3.7,4,2,2,2,0,0,3,0,3,0,0,0,1,5,1,0
JoÅ¡ko Gvardiol,DF,Croatia,20-329,2002,7.7,9,6,5,4,0,5,8,62.5,3,8,4,4,11,20,37,0
Jude Bellingham,MF,England,19-172,2003,4.6,16,15,5,6,5,5,6,83.3,1,10,0,10,5,21,0,0
Jules KoundÃ©,DF,France,24-036,1998,5.3,11,8,9,1,1,7,12,58.3,5,7,4,3,5,16,8,0
JuliÃ¡n Ãlvarez,FW,Argentina,22-321,2000,5.2,4,2,3,0,1,0,2,0,2,8,0,8,0,4,3,0
Jung Woo-young,MF,Korea Republic,33-004,1989,3.4,5,4,3,2,0,2,3,66.7,1,3,1,2,3,8,7,0
Junior Hoilett,FW,Canada,32-196,1990,1.8,8,4,1,2,5,3,4,75,1,0,0,0,1,9,0,0
Junya Ito,MF,Japan,29-284,1993,3.6,7,4,3,3,1,5,9,55.6,4,4,1,3,5,12,6,0
JurriÃ«n Timber,DF,Netherlands,21-184,2001,4.3,12,6,5,7,0,6,6,100,0,1,0,1,10,22,13,0
Kalidou Koulibaly,DF,Senegal,31-181,1991,4,12,9,10,2,0,7,11,63.6,4,4,1,3,2,14,30,0
Kamal Miller,DF,Canada,25-216,1997,3,6,4,5,1,0,2,3,66.7,1,1,1,0,4,10,11,1
Kamil Glik,DF,Poland,34-318,1988,4,2,1,1,1,0,2,3,66.7,1,2,1,1,3,5,23,0
Karim Boudiaf,MF,Qatar,32-093,1990,2.1,2,1,0,2,0,2,5,40,3,0,0,0,0,2,3,0
Karl Toko Ekambi,FW,Cameroon,30-095,1992,1.8,1,1,0,1,0,0,1,0,1,1,0,1,2,3,0,0
Kendall Waston,DF,Costa Rica,34-351,1988,2.5,7,4,6,1,0,3,4,75,1,2,1,1,5,12,14,0
Kevin De Bruyne,FW,Belgium,31-173,1991,3,1,1,1,0,0,0,2,0,2,2,0,2,0,1,3,0
Keysher Fuller,DF,Costa Rica,28-160,1994,2.8,4,4,3,1,0,3,7,42.9,4,2,0,2,3,7,9,0
Kieffer Moore,FW,Wales,30-132,1992,2.5,1,0,1,0,0,0,0,,0,3,1,2,2,3,7,0
Kim Jin-su,DF,Korea Republic,30-188,1992,3.5,10,5,6,2,2,5,6,83.3,1,2,0,2,3,13,5,0
Kim Min-jae,DF,Korea Republic,26-033,1996,3,2,1,2,0,0,1,1,100,0,5,1,4,2,4,8,0
Kim Moonhwan,DF,Korea Republic,27-139,1995,4,9,4,6,2,1,5,6,83.3,1,3,1,2,4,13,16,0
Kim Young-gwon,DF,Korea Republic,32-294,1990,3.9,3,2,3,0,0,1,2,50,1,3,2,1,3,6,11,0
Ko Itakura,DF,Japan,25-325,1997,3,9,5,4,4,1,3,4,75,1,1,0,1,4,13,16,0
Krystian Bielik,MF,Poland,24-348,1998,2.4,5,3,1,3,1,2,4,50,2,1,0,1,5,10,6,0
KrÃ©pin Diatta,FW,Senegal,23-296,1999,2,0,0,0,0,0,0,0,,0,1,0,1,0,0,0,0
Kudus Mohammed,FW,Ghana,22-138,2000,2.7,5,4,3,0,2,1,2,50,1,4,0,4,1,6,0,0
Kye Rowles,DF,Australia,24-177,1998,4,8,2,5,3,0,4,7,57.1,3,9,7,2,7,15,16,1
Kyle Walker,DF,England,32-204,1990,2.6,3,1,2,1,0,3,5,60,2,2,0,2,3,6,3,0
Kylian MbappÃ©,FW,France,23-363,1998,6.6,0,0,0,0,0,0,0,,0,0,0,0,0,0,0,0
Leander Dendoncker,DF,Belgium,27-247,1995,1.8,6,3,4,2,0,4,4,100,0,4,3,1,0,6,5,0
Lee Jae-sung,MF,Korea Republic,30-130,1992,2.3,5,2,1,2,2,1,8,12.5,7,3,0,3,3,8,2,0
Leon Goretzka,MF,Germany,27-315,1995,1.8,5,3,2,3,0,2,2,100,0,1,0,1,1,6,0,0
Lionel Messi,FW,Argentina,35-177,1987,7.7,5,3,1,3,1,0,2,0,2,2,0,2,0,5,0,0
Lisandro MartÃ­nez,DF,Argentina,24-334,1998,3.4,6,2,4,2,0,2,2,100,0,3,1,2,3,9,14,0
Lucas PaquetÃ¡,MF,Brazil,25-113,1997,3.5,7,5,5,1,1,2,5,40,3,5,1,4,2,9,4,0
Luis ChÃ¡vez,MF,Mexico,26-337,1996,3,1,0,0,1,0,1,4,25,3,6,0,6,1,2,3,0
Luis SuÃ¡rez,FW,Uruguay,35-328,1987,1.6,1,0,0,0,1,0,3,0,3,0,0,0,0,1,2,0
Luka ModriÄ‡,MF,Croatia,37-100,1985,7.3,16,10,4,11,1,7,14,50,7,4,2,2,10,26,3,0
Luke Shaw,DF,England,27-159,1995,4.7,3,1,1,0,2,1,2,50,1,2,0,2,4,7,5,0
Majid Hosseini,DF,IR Iran,26-181,1996,3,7,4,6,1,0,6,9,66.7,3,3,2,1,6,13,11,0
Manuel Akanji,DF,Switzerland,27-152,1995,4,4,2,2,0,2,3,4,75,1,4,3,1,3,7,12,0
Marcelo BrozoviÄ‡,MF,Croatia,30-032,1992,6.1,13,7,8,2,3,3,10,30,7,13,7,6,4,17,7,0
Marco Asensio,FW,Spain,26-331,1996,2.5,1,1,0,0,1,0,0,,0,1,0,1,0,1,0,0
Marcos AcuÃ±a,DF,Argentina,31-051,1991,4.1,12,8,9,2,1,6,7,85.7,1,8,1,7,2,14,9,0
Mario PaÅ¡aliÄ‡,FW,Croatia,27-312,1995,3,7,5,2,4,1,3,7,42.9,4,6,2,4,3,10,3,0
Marquinhos,DF,Brazil,28-218,1994,4.7,5,4,3,2,0,4,5,80,1,6,1,5,2,7,6,0
Mateo KovaÄiÄ‡,MF,Croatia,28-226,1994,7.1,24,17,10,11,3,4,11,36.4,7,4,1,3,4,28,5,0
Mathew Leckie,MF,Australia,31-317,1991,3.7,4,4,1,3,0,2,5,40,3,5,0,5,1,5,6,0
MathÃ­as Olivera,DF,Uruguay,25-048,1997,2.8,9,5,7,2,0,4,7,57.1,3,9,0,9,2,11,10,0
Matty Cash,DF,Poland,25-133,1997,4,4,3,3,1,0,3,6,50,3,7,2,5,0,4,17,0
MatÃ­as Vecino,MF,Uruguay,31-116,1991,2.2,4,3,1,2,1,1,3,33.3,2,6,2,4,4,8,1,0
Maya Yoshida,DF,Japan,34-116,1988,4.3,4,4,0,4,0,1,1,100,0,6,3,3,3,7,24,0
Mehdi Taremi,FW,IR Iran,30-153,1992,3,4,3,2,2,0,2,5,40,3,5,1,4,2,6,3,0
Memphis,FW,Netherlands,28-308,1994,3.3,1,1,0,1,0,1,2,50,1,4,0,4,1,2,0,1
Michael Estrada,FW,Ecuador,26-255,1996,2.5,1,0,0,1,0,0,1,0,1,4,1,3,0,1,0,0
Michy Batshuayi,FW,Belgium,29-077,1993,1.7,1,0,0,1,0,1,1,100,0,1,0,1,0,1,0,0
Mikkel Damsgaard,MF,Denmark,22-168,2000,1.7,4,2,2,2,0,0,4,0,4,2,0,2,2,6,1,0
Milad Mohammadi,DF,IR Iran,29-080,1993,2.2,10,3,7,3,0,3,4,75,1,2,0,2,1,11,6,0
MiloÅ¡ Degenek,DF,Australia,28-234,1994,2,6,4,6,0,0,5,6,83.3,1,2,1,1,1,7,9,0
MiloÅ¡ VeljkoviÄ‡,DF,Serbia,27-083,1995,2.5,4,1,4,0,0,2,2,100,0,2,2,0,0,4,7,0
Mitchell Duke,FW,Australia,31-334,1991,3,0,0,0,0,0,0,0,,0,5,0,5,2,2,1,0
Mohamed Kanno,MF,Saudi Arabia,28-087,1994,3,6,2,5,1,0,1,2,50,1,3,1,2,2,8,7,0
Mohammed Salisu,DF,Ghana,23-245,1999,3,2,1,2,0,0,1,1,100,0,5,4,1,3,5,17,0
MoisÃ©s Caicedo,MF,Ecuador,21-046,2001,3,6,5,2,4,0,0,3,0,3,4,0,4,2,8,2,1
Montassar Talbi,DF,Tunisia,24-206,1998,3,2,2,1,1,0,0,0,,0,7,1,6,2,4,18,0
Morteza Pouraliganji,DF,IR Iran,30-243,1992,3,2,2,0,1,1,1,2,50,1,5,3,2,6,8,10,0
Nahuel Molina,DF,Argentina,24-256,1998,6.3,8,4,6,2,0,4,8,50,4,7,1,6,3,11,11,0
Nampalys Mendy,MF,Senegal,30-178,1992,3,4,4,3,1,0,2,4,50,2,4,0,4,3,7,3,0
Nathan AkÃ©,DF,Netherlands,27-303,1995,5.3,6,3,4,2,0,3,3,100,0,3,2,1,8,14,20,0
Nayef Aguerd,DF,Morocco,26-263,1996,3.9,4,2,4,0,0,2,2,100,0,3,2,1,4,8,12,0
Neco Williams,DF,Wales,21-249,2001,2.3,5,3,3,0,2,3,4,75,1,5,1,4,4,9,5,0
Neymar,MF,Brazil,30-316,1992,3.1,1,0,0,1,0,0,0,,0,2,0,2,1,2,0,0
Nico Elvedi,DF,Switzerland,26-079,1996,2,2,0,1,0,1,1,3,33.3,2,5,3,2,1,3,13,0
Nicolas Nkoulou,DF,Cameroon,32-266,1990,2,2,0,2,0,0,0,2,0,2,2,0,2,5,7,8,1
NicolÃ¡s Otamendi,DF,Argentina,34-309,1988,7.7,10,6,7,3,0,5,7,71.4,2,6,2,4,9,19,24,0
NicolÃ¡s Tagliafico,DF,Argentina,30-109,1992,4.1,7,7,2,3,2,4,4,100,0,9,1,8,9,16,9,0
Niklas SÃ¼le,DF,Germany,27-106,1995,3,5,4,4,1,0,3,3,100,0,1,1,0,0,5,7,0
Nikola MilenkoviÄ‡,DF,Serbia,25-067,1997,3,10,5,4,5,1,5,6,83.3,1,6,4,2,6,16,10,1
Nouhou Tolo,DF,Cameroon,25-178,1997,3,8,5,8,0,0,3,5,60,2,5,2,3,6,14,10,0
Noussair Mazraoui,DF,Morocco,25-034,1997,4.1,14,9,8,4,2,8,11,72.7,3,6,1,5,1,15,16,0
Olivier Giroud,FW,France,36-079,1986,4.7,1,0,0,1,0,0,3,0,3,1,0,1,1,2,5,0
Ousmane DembÃ©lÃ©,FW,France,25-217,1997,4.8,11,6,5,3,3,6,9,66.7,3,2,0,2,3,14,0,0
Pedri,MF,Spain,20-023,2002,4,4,2,2,2,0,1,6,16.7,5,5,0,5,4,8,3,0
Pepe,DF,Portugal,39-295,1983,4,5,0,4,1,0,3,4,75,1,6,4,2,6,11,11,0
Pervis EstupiÃ±Ã¡n,DF,Ecuador,24-331,1998,3,6,3,4,2,0,2,6,33.3,4,4,1,3,3,9,6,0
Phil Foden,FW,England,22-204,2000,2.9,1,1,0,0,1,0,1,0,1,2,0,2,1,2,0,0
Piero HincapiÃ©,DF,Ecuador,20-343,2002,3,7,4,5,2,0,2,3,66.7,1,2,0,2,2,9,9,0
Pierre HÃ¸jbjerg,MF,Denmark,27-135,1995,3,4,2,2,2,0,3,6,50,3,3,1,2,3,7,6,0
Piotr ZieliÅ„ski,MF,Poland,28-212,1994,3.6,7,5,3,3,1,1,4,25,3,1,0,1,1,8,7,0
PrzemysÅ‚aw Frankowski,MF,Poland,27-250,1995,2.7,7,4,4,1,2,2,6,33.3,4,1,1,0,3,10,5,0
Ramin Rezaeian,DF,IR Iran,32-272,1990,2,7,5,5,2,0,3,7,42.9,4,1,0,1,3,10,2,0
Randal Kolo Muani,FW,France,24-013,1998,2,7,5,1,3,3,3,3,100,0,1,0,1,1,8,1,0
RaphaÃ«l Guerreiro,DF,Portugal,28-361,1993,3.1,3,2,2,1,0,1,2,50,1,3,0,3,3,6,2,0
RaphaÃ«l Varane,DF,France,29-237,1993,5.8,1,0,0,1,0,0,2,0,2,4,3,1,6,7,15,0
Raphinha,FW,Brazil,26-004,1996,3.5,8,6,3,2,3,6,8,75,2,3,0,3,3,11,0,0
Rasmus Nissen,DF,Denmark,25-160,1997,2.5,8,7,5,3,0,4,8,50,4,3,1,2,1,9,7,0
Remo Freuler,MF,Switzerland,30-247,1992,3.6,8,5,3,5,0,4,6,66.7,2,3,0,3,3,11,3,1
Ricardo RodrÃ­guez,DF,Switzerland,30-115,1992,4,7,2,5,2,0,2,3,66.7,1,1,0,1,0,7,8,0
Richarlison,FW,Brazil,25-222,1997,3.6,2,2,0,1,1,0,0,,0,4,0,4,1,3,4,0
Richie Laryea,DF,Canada,27-345,1995,1.8,3,1,1,2,0,2,2,100,0,2,1,1,0,3,3,0
Riley McGree,FW,Australia,24-046,1998,2.9,2,1,1,0,1,0,1,0,1,5,0,5,5,7,3,0
Ritsu Doan,FW,Japan,24-185,1998,2.4,6,5,1,4,1,1,3,33.3,2,4,1,3,3,9,2,0
Robert Lewandowski,FW,Poland,34-119,1988,4,2,2,0,2,0,0,3,0,3,3,1,2,1,3,8,0
Rodri,DF,Spain,26-179,1996,4.3,5,2,3,1,1,2,2,100,0,3,2,1,3,8,9,0
Rodrigo Bentancur,MF,Uruguay,25-176,1997,2.4,9,8,4,4,1,3,3,100,0,3,0,3,7,16,5,0
Rodrigo De Paul,MF,Argentina,28-208,1994,6.7,11,6,6,4,1,8,13,61.5,5,8,0,8,7,18,3,0
Romain SaÃ¯ss,DF,Morocco,32-267,1990,5.2,5,2,2,2,1,2,5,40,3,3,1,2,3,8,30,1
Ruben Vargas,FW,Switzerland,24-135,1998,3.2,0,0,0,0,0,0,0,,0,2,0,2,1,1,4,0
RÃ³-RÃ³,DF,Qatar,32-134,1990,2.9,6,4,3,2,1,1,2,50,1,2,0,2,8,14,3,0
RÃºben Dias,DF,Portugal,25-218,1997,4,4,4,2,2,0,0,1,0,1,2,0,2,3,7,9,0
RÃºben Neves,MF,Portugal,25-280,1997,3,2,1,0,0,2,0,6,0,6,3,1,2,3,5,5,0
Saeid Ezatolahi,MF,IR Iran,26-078,1996,2.4,6,1,1,3,2,2,8,25,6,3,0,3,2,8,4,0
Saleh Al-Shehri,FW,Saudi Arabia,29-047,1993,2.5,3,1,0,1,2,0,1,0,1,3,1,2,0,3,2,0
Salem Al-Dawsari,MF,Saudi Arabia,31-121,1991,3,5,4,3,2,0,1,2,50,1,1,0,1,1,6,2,0
Salis Abdul Samed,MF,Ghana,22-267,2000,2.8,2,2,0,2,0,0,1,0,1,2,1,1,4,6,8,0
Saud Abdulhamid,DF,Saudi Arabia,23-153,1999,3,5,2,2,2,1,2,2,100,0,3,0,3,2,7,6,0
SaÅ¡a LukiÄ‡,MF,Serbia,26-127,1996,2.7,2,0,0,2,0,0,2,0,2,2,0,2,1,3,5,1
SebastiÃ¡n Coates,DF,Uruguay,32-072,1990,2,1,0,0,1,0,0,0,,0,3,1,2,1,2,6,0
Selim Amallah,MF,Morocco,26-033,1996,4.5,13,9,4,6,3,6,11,54.5,5,6,1,5,8,21,3,0
Serge Gnabry,FW,Germany,27-157,1995,2.9,5,2,1,2,2,4,5,80,1,2,0,2,2,7,3,0
Sergej MilinkoviÄ‡-SaviÄ‡,MF,Serbia,27-294,1995,2.6,5,1,2,3,0,3,4,75,1,5,2,3,2,7,5,0
Sergio Busquets,MF,Spain,34-155,1988,4,7,4,3,3,1,3,5,60,2,2,0,2,1,8,1,0
SergiÃ±o Dest,DF,United States,22-045,2000,3.4,4,2,2,1,1,2,3,66.7,1,3,0,3,2,6,7,0
Shogo Taniguchi,DF,Japan,31-156,1991,2.3,1,0,0,1,0,0,0,,0,2,2,0,1,2,10,0
Silvan Widmer,DF,Switzerland,29-288,1993,2.9,10,6,9,1,0,6,6,100,0,3,0,3,2,12,15,0
Sofiane Boufal,FW,Morocco,29-092,1993,5.3,11,5,7,4,0,3,6,50,3,9,0,9,2,13,1,0
Sofyan Amrabat,MF,Morocco,26-119,1996,7.3,16,10,15,1,0,9,14,64.3,5,2,1,1,6,22,10,0
Son Heung-min,FW,Korea Republic,30-163,1992,4,5,2,4,1,0,4,4,100,0,2,0,2,2,7,0,1
Steven VitÃ³ria,DF,Canada,35-341,1987,3,3,3,1,2,0,3,3,100,0,4,2,2,0,3,7,0
Strahinja PavloviÄ‡,DF,Serbia,21-208,2001,2.6,7,2,4,3,0,3,6,50,3,6,1,5,1,8,7,0
Tajon Buchanan,MF,Canada,23-313,1999,2.9,1,1,1,0,0,1,5,20,4,3,0,3,3,4,0,0
Takehiro Tomiyasu,DF,Japan,24-043,1998,2.1,0,0,0,0,0,0,0,,0,2,2,0,0,0,7,1
Theo HernÃ¡ndez,DF,France,25-073,1997,5.6,16,13,11,5,0,10,15,66.7,5,5,2,3,4,20,8,1
Thiago Silva,DF,Brazil,38-087,1984,4.3,3,1,0,2,1,0,0,,0,3,1,2,5,8,6,0
Thomas Meunier,DF,Belgium,31-097,1991,2.3,6,6,3,3,0,4,5,80,1,1,0,1,2,8,5,0
Thomas MÃ¼ller,FW,Germany,33-096,1989,2.2,2,2,0,1,1,1,2,50,1,4,0,4,1,3,0,0
Thomas Partey,MF,Ghana,29-188,1993,3,9,5,8,1,0,4,4,100,0,8,2,6,0,9,8,0
Tim Ream,DF,United States,35-074,1987,4,4,3,1,3,0,3,3,100,0,2,1,1,4,8,12,0
Timothy Castagne,DF,Belgium,27-013,1995,3,7,4,6,1,0,4,6,66.7,2,1,0,1,2,9,4,0
Timothy Weah,FW,United States,22-299,2000,3.5,0,0,0,0,0,0,1,0,1,5,0,5,0,0,0,0
Toby Alderweireld,DF,Belgium,33-291,1989,3,4,2,4,0,0,2,5,40,3,3,1,2,0,4,19,0
Tyler Adams,MF,United States,23-307,1999,4,11,9,7,4,0,3,7,42.9,4,6,0,6,4,15,6,0
Vincent Aboubakar,FW,Cameroon,30-330,1992,1.6,0,0,0,0,0,0,0,,0,0,0,0,0,0,4,0
Vinicius JÃºnior,FW,Brazil,22-159,2000,3.3,3,1,1,1,1,0,2,0,2,5,1,4,0,3,0,0
Virgil van Dijk,DF,Netherlands,31-163,1991,5.3,2,1,0,2,0,1,2,50,1,8,7,1,4,6,21,0
Walker Zimmerman,DF,United States,29-213,1993,3.1,3,2,3,0,0,3,4,75,1,4,3,1,4,7,15,0
Wataru Endo,MF,Japan,29-312,1993,3.4,8,4,4,4,0,3,5,60,2,8,3,5,3,11,6,0
Weston McKennie,MF,United States,24-112,1998,3,2,1,1,0,1,1,4,25,3,4,0,4,0,2,5,0
Xherdan Shaqiri,FW,Switzerland,31-069,1991,2.5,0,0,0,0,0,0,1,0,1,0,0,0,0,0,0,0
Yahya Attiat Allah,DF,Morocco,27-291,1995,3.5,4,2,3,1,0,3,7,42.9,4,4,0,4,0,4,15,0
Yassine Meriah,DF,Tunisia,29-169,1993,3,4,2,3,0,1,3,8,37.5,5,5,0,5,1,5,20,0
Yeltsin Tejeda,MF,Costa Rica,30-276,1992,3,4,2,3,1,0,1,6,16.7,5,7,5,2,1,5,7,0
Youssef En-Nesyri,FW,Morocco,25-200,1997,6,3,2,2,1,0,0,2,0,2,5,0,5,1,4,11,0
Youssef Msakni,MF,Tunisia,32-051,1990,1.9,3,1,1,2,0,0,1,0,1,2,1,1,0,3,1,0
Youssouf Sabaly,DF,Senegal,29-288,1993,4,6,6,4,1,1,3,5,60,2,1,0,1,4,10,9,0
Yunus Musah,MF,United States,20-019,2002,3.8,8,6,4,4,0,1,3,33.3,2,7,0,7,2,10,1,0
Yuto Nagatomo,MF,Japan,36-097,1986,2.3,4,2,1,2,1,1,1,100,0,2,0,2,0,4,3,0
Ãlvaro Morata,FW,Spain,30-056,1992,2.1,1,1,1,0,0,1,2,50,1,2,1,1,0,1,2,0
Ãngelo Preciado,DF,Ecuador,24-303,1998,2.9,7,5,3,3,1,2,4,50,2,2,0,2,6,13,4,0
Ã‰der MilitÃ£o,DF,Brazil,24-334,1998,3.9,7,6,4,1,2,3,4,75,1,1,0,1,3,10,5,0
Ã“scar Duarte,DF,Costa Rica,33-198,1989,3,4,2,4,0,0,2,2,100,0,3,1,2,6,10,15,0
Ä°lkay GÃ¼ndoÄŸan,MF,Germany,32-055,1990,2.1,3,1,1,2,0,0,1,0,1,2,0,2,1,4,1,0
